"original_text","perturbed_text","original_score","perturbed_score","original_output","perturbed_output","ground_truth_output","num_queries","result_type"
"A [[rating]] of ""1"" does not [[begin]] to express how dull, [[depressing]] and [[relentlessly]] bad this movie is.","A [[punctuation]] of ""1"" does not [[started]] to express how dull, [[somber]] and [[ceaselessly]] bad this movie is.",0.003706037998199463,0.007917523384094238,0,0,0,59,"Failed"
"I [[sat]] through this on [[TV]] [[hoping]] because of the [[names]] in it that it would be worth the time...but dear Gussie, whoever thought this script was worth producing?","I [[oin]] through this on [[TELEVISIONS]] [[awaiting]] because of the [[naming]] in it that it would be worth the time...but dear Gussie, whoever thought this script was worth producing?",0.006769299507141113,0.0915299654006958,0,0,0,14,"Failed"
"The [[problem]] is the role of the characters in the film.","The [[difficulties]] is the role of the characters in the film.",0.1838957667350769,0.5924196243286133,0,1,0,4,"Successful"
"[[Probably]] [[New]] Zealands worst [[Movie]] ever madeThe Jokes They are not [[funny]].","[[Arguably]] [[Newest]] Zealands worst [[Film]] ever madeThe Jokes They are not [[fun]].",0.0029075145721435547,0.0072196125984191895,0,0,0,27,"Failed"
"[[Cheap]], [[amateurish]], unimaginative, exploitative... but don't [[think]] it'll have redeeming amusement value.About as unentertaining, uninstructive and just plain dull as a [[film]] can be.","[[Cheaper]], [[unprofessional]], unimaginative, exploitative... but don't [[thinking]] it'll have redeeming amusement value.About as unentertaining, uninstructive and just plain dull as a [[cinema]] can be.",0.0030191540718078613,0.005515635013580322,0,0,0,25,"Failed"
"Robert Wagner is the evil boss of Digicron, a telecommunications company with a virus that kills people.","Robert Wagner is the evil boss of Digicron, a telecommunications company with a virus that kills people.",0.6621180772781372,0.6621180772781372,1,1,0,1,"Skipped"
"I've been a Jennifer Connelly [[fan]] [[since]] [[Phenomena]], and after I [[heard]] about seven minutes in heaven, I saw it as soon as I could.","I've been a Jennifer Connelly [[admirer]] [[because]] [[Occurrences]], and after I [[tryout]] about seven minutes in heaven, I saw it as soon as I could.",0.12158304452896118,0.2848873734474182,1,1,1,17,"Failed"
"This [[movie]] was so [[incredibly]] boring, Michael J. [[Fox]] could've done so much better.","This [[cinematography]] was so [[amazingly]] boring, Michael J. [[Foxx]] could've done so much better.",0.004831910133361816,0.016189932823181152,0,0,0,32,"Failed"
"this could have been better,but it was alright...it helped me get away from my boredom.","this could have been better,but it was alright...it helped me get away from my boredom.",0.9447371959686279,0.9447371959686279,1,1,0,1,"Skipped"
"Pet Sematary , though a nice 80's Horror movie, with a [[nice]] [[Director]] and atmosphere, IS a [[copy]] of the Italian [[movie]] ZEDER by Pupi Avati.","Pet Sematary , though a nice 80's Horror movie, with a [[delightful]] [[Superintendent]] and atmosphere, IS a [[copier]] of the Italian [[kino]] ZEDER by Pupi Avati.",0.01080024242401123,0.8737573027610779,0,1,0,26,"Successful"
"[[Although]] I'm a [[girl]], [[thankfully]] I have a [[sense]] of humor and realize that this really IS a funny anime!","[[Despite]] I'm a [[dame]], [[mercifully]] I have a [[feeling]] of humor and realize that this really IS a funny anime!",0.002641022205352783,0.013500332832336426,1,1,1,20,"Failed"
"This [[movie]] [[deals]] with the European ERASMUS [[exchange]] program but more [[generally]] about the European youth.","This [[kino]] [[dealing]] with the European ERASMUS [[exchanges]] program but more [[usually]] about the European youth.",0.009109914302825928,0.14241856336593628,1,1,1,11,"Failed"
"The [[true]] [[story]] of Phoolan Devi who became a national hero in India because she [[fought]] for her rights as a woman but in a violent manner.","The [[truthful]] [[conte]] of Phoolan Devi who became a national hero in India because she [[wrestled]] for her rights as a woman but in a violent manner.",0.025484144687652588,0.15916991233825684,1,1,1,30,"Failed"
"Turning Isherwood's somewhat dark and utterly brilliant novel into light comedic romp could easily have been a recipe for disaster, but somewhow it wasn't .","Turning Isherwood's somewhat dark and utterly brilliant novel into light comedic romp could easily have been a recipe for disaster, but somewhow it wasn't .",0.8539310693740845,0.8539310693740845,0,0,1,1,"Skipped"
"This is a [[great]] movie!","This is a [[tremendous]] movie!",0.008830785751342773,0.017129600048065186,1,1,1,11,"Failed"
"I understand there was some conflict between Leigh and the great Maggie Smith during the filming.","I understand there was some conflict between Leigh and the great Maggie Smith during the filming.",0.710313081741333,0.710313081741333,1,1,0,1,"Skipped"
"I never [[thought]] I would absolutly [[hate]] an Arnold Schwartzeneggar [[film]], BUT this is is dreadful from the [[get]] go.","I never [[brainchild]] I would absolutly [[hates]] an Arnold Schwartzeneggar [[flick]], BUT this is is dreadful from the [[obtains]] go.",0.006016552448272705,0.01314777135848999,0,0,0,31,"Failed"
"It's been [[said]] before--Strangers on a Train is Hitchcock's best movie--and he's made so [[many]] good ones!","It's been [[avowed]] before--Strangers on a Train is Hitchcock's best movie--and he's made so [[myriad]] good ones!",0.0036910176277160645,0.02866840362548828,1,1,1,21,"Failed"
"Ned aKelly is such an important [[story]] to Australians but this [[movie]] is awful.","Ned aKelly is such an important [[history]] to Australians but this [[cinematography]] is awful.",0.008943557739257812,0.01567739248275757,0,0,0,37,"Failed"
"Long, [[boring]], [[blasphemous]].Never have I been so [[glad]] to see ending credits roll.","Long, [[bored]], [[sacrilegious]].Never have I been so [[delighted]] to see ending credits roll.",0.006625711917877197,0.8723210692405701,0,1,0,13,"Successful"
"The [[best]] horror/sci-fi [[movie]] i have ever [[seen]].","The [[better]] horror/sci-fi [[flick]] i have ever [[watched]].",0.004981637001037598,0.016739308834075928,1,1,1,16,"Failed"
"Well, this may be one of the [[worst]] movies ever, but atleast there are some nice t*ts in it.","Well, this may be one of the [[hardest]] movies ever, but atleast there are some nice t*ts in it.",0.37668943405151367,0.7178000211715698,0,1,0,5,"Successful"
"This is a [[really]] interesting film.","This is a [[truthfully]] interesting film.",0.003899812698364258,0.0070989131927490234,1,1,1,6,"Failed"
"Malcolm [[McDowell]] has not had too [[many]] good [[movies]] [[lately]] and this is no different.Especially designed for people who like Yellow filters on their movies.","Malcolm [[mcneill]] has not had too [[myriad]] good [[films]] [[recently]] and this is no different.Especially designed for people who like Yellow filters on their movies.",0.023629188537597656,0.04090571403503418,0,0,0,25,"Failed"
"Boring, predictable, by-the-numbers horror outing at least has pretty good [[special]] effects and plenty of ([[mindless]]) mayhem and gore to [[satisfy]] ([[mindless]]) genre fans.","Boring, predictable, by-the-numbers horror outing at least has pretty good [[peculiar]] effects and plenty of ([[reckless]]) mayhem and gore to [[meet]] ([[reckless]]) genre fans.",0.008310854434967041,0.019131064414978027,0,0,0,21,"Failed"
"The [[Buddy]] [[Holly]] [[Story]] is a [[great]] biography with a super performance from Gary Busey.Busey did his own singing for this film and he does a great job.","The [[Fella]] [[Hol]] [[Storytelling]] is a [[fabulous]] biography with a super performance from Gary Busey.Busey did his own singing for this film and he does a great job.",0.0035837888717651367,0.004833221435546875,1,1,1,38,"Failed"
"One of my [[favorite]] scenes is at the [[beginning]] when [[guests]] on a private [[yacht]] decide to take an impromptu swim - in their underwear!Rather risqué for 1931!","One of my [[preferential]] scenes is at the [[initiates]] when [[guest]] on a private [[sailing]] decide to take an impromptu swim - in their underwear!Rather risqué for 1931!",0.09926491975784302,0.1559019684791565,1,1,1,31,"Failed"
"I [[know]] that the [[real]] [[story]] of Little Richard is a lot more thrilling than this maudlin and thoroughly average biopic.","I [[savoir]] that the [[true]] [[storytelling]] of Little Richard is a lot more thrilling than this maudlin and thoroughly average biopic.",0.00630563497543335,0.41169947385787964,0,0,0,23,"Failed"
"[[So]] that´s what I called a [[bad]], [[bad]] [[film]]... Poor acting, poor directing, terrible writing!","[[Accordingly]] that´s what I called a [[unhealthy]], [[unfavourable]] [[films]]... Poor acting, poor directing, terrible writing!",0.0011879205703735352,0.0023185014724731445,0,0,0,29,"Failed"
"The [[biggest]] heroes, is one of the [[greatest]] movies ever.","The [[largest]] heroes, is one of the [[larger]] movies ever.",0.004240930080413818,0.0114213228225708,1,1,1,24,"Failed"
"This [[film]] has special effects which for it's [[time]] are very [[impressive]].","This [[movie]] has special effects which for it's [[times]] are very [[noteworthy]].",0.009128153324127197,0.044289350509643555,1,1,1,32,"Failed"
"I really enjoyed this movie... [[In]] My DVD collection of baseball [[movies]]... [[Reminded]] me how great the [[sport]] truly is... Whether it's here in America or Japan.","I really enjoyed this movie... [[During]] My DVD collection of baseball [[movie]]... [[Recalled]] me how great the [[sports]] truly is... Whether it's here in America or Japan.",0.005286157131195068,0.007903814315795898,1,1,1,52,"Failed"
"[[Simply]] one of the greatest [[films]] ever made.","[[Mere]] one of the greatest [[film]] ever made.",0.00406038761138916,0.006502985954284668,1,1,1,8,"Failed"
"Ever since I heard of the Ralph Bakshi version of ""The Lord of the Rings"" I wondered: What the hell is 'rotoscope' animation?","Ever since I heard of the Ralph Bakshi version of ""The Lord of the Rings"" I wondered: What the hell is 'rotoscope' animation?",0.9282559752464294,0.9282559752464294,0,0,1,1,"Skipped"
"A [[wonderful]] story...so [[beautiful]] told.","A [[superb]] story...so [[gorgeous]] told.",0.00319671630859375,0.006072819232940674,1,1,1,38,"Failed"
"This [[movie]] was a suprise for me while I was surfing from channel to channel... I don't know why but it [[filled]] in me with warmth and happiness.","This [[kino]] was a suprise for me while I was surfing from channel to channel... I don't know why but it [[fill]] in me with warmth and happiness.",0.002883434295654297,0.0049163103103637695,1,1,1,15,"Failed"
"This [[film]] was [[Excellent]], I thought that the original one was quiet mediocre.","This [[movie]] was [[Marvellous]], I thought that the original one was quiet mediocre.",0.03513896465301514,0.6265920400619507,1,0,1,23,"Successful"
"Farrah Fawcett [[gives]] an award [[nominated]] performance as an attempted rape victim who turns the tables on her attacker.","Farrah Fawcett [[offers]] an award [[nominating]] performance as an attempted rape victim who turns the tables on her attacker.",0.017602145671844482,0.845977246761322,1,0,1,14,"Successful"
"My [[definition]] of a [[great]] movie is if you [[want]] to continue to see it over again.","My [[definitions]] of a [[marvellous]] movie is if you [[wanted]] to continue to see it over again.",0.003089725971221924,0.6251779198646545,1,0,1,24,"Successful"
"This is not the [[stuff]] of soap-operas but the [[sort]] of conundrums that [[real]] people [[face]] in real life.","This is not the [[thing]] of soap-operas but the [[kind]] of conundrums that [[actual]] people [[encountering]] in real life.",0.02067464590072632,0.4888937473297119,1,1,1,18,"Failed"
"i [[would]] [[give]] this movie an 8.5 or a 9.","i [[should]] [[confer]] this movie an 8.5 or a 9.",0.011291980743408203,0.8581767678260803,1,0,1,6,"Successful"
"[[Probably]] one of the worst [[movies]] ever [[made]], I'm still trying to figure if it was [[meant]] to be fun, but for sure I had no fun at all.","[[Admittedly]] one of the worst [[film]] ever [[effected]], I'm still trying to figure if it was [[intended]] to be fun, but for sure I had no fun at all.",0.002043485641479492,0.005002379417419434,0,0,0,28,"Failed"
"[[In]] my opinion, October Sky is one of the best movies of 1999...It totally has everything an emotional drama movie would need, like, [[wonderful]] [[story]] and [[good]] character interactions.","[[Onto]] my opinion, October Sky is one of the best movies of 1999...It totally has everything an emotional drama movie would need, like, [[awesome]] [[narratives]] and [[alright]] character interactions.",0.002768576145172119,0.0037894248962402344,1,1,1,40,"Failed"
"Cool [[idea]]... botched [[writing]], botched [[directing]], botched [[editing]], botched acting.","Cool [[concept]]... botched [[handwriting]], botched [[instructing]], botched [[edited]], botched acting.",0.004988431930541992,0.20501601696014404,0,0,0,14,"Failed"
"'It's [[easy]] to kill a monster, but it's hard to kill a human being.","'It's [[easier]] to kill a monster, but it's hard to kill a human being.",0.48332977294921875,0.5459747314453125,1,0,1,2,"Successful"
"by the way it looks at the other comments made, it seems that a lot of people did not get the point to the flick.","by the way it looks at the other comments made, it seems that a lot of people did not get the point to the flick.",0.656940221786499,0.656940221786499,0,0,1,1,"Skipped"
"[[After]] 30+ [[years]] of hiatus, once again I immerse myself in the [[mist]] of uplifting melancholy.","[[Upon]] 30+ [[yrs]] of hiatus, once again I immerse myself in the [[fog]] of uplifting melancholy.",0.004945278167724609,0.007945060729980469,1,1,1,8,"Failed"
"[[Outlandish]] [[premise]] that rates low on plausibility and unfortunately [[also]] [[struggles]] feebly to raise laughs or interest.","[[Flamboyant]] [[supposition]] that rates low on plausibility and unfortunately [[additionally]] [[struggle]] feebly to raise laughs or interest.",0.013051509857177734,0.18141520023345947,0,0,0,30,"Failed"
"Were I not with [[friends]], and so [[cheap]], I [[would]] have walked out.It failed [[miserably]] as satire and didn't even have the redemption of camp.","Were I not with [[friendships]], and so [[inexpensive]], I [[could]] have walked out.It failed [[spectacularly]] as satire and didn't even have the redemption of camp.",0.0017600059509277344,0.0039446353912353516,0,0,0,21,"Failed"
"If it wasn't for the terrific music, I would not hesitate to give this cinematic underachievement 2/10.","If it wasn't for the terrific music, I would not hesitate to give this cinematic underachievement 2/10.",0.9955412745475769,0.9955412745475769,1,1,0,1,"Skipped"
"[[Really]] bad Italian horror movie, a sort of remake of Hammer infamous Frankenstein must be [[destroyed]], this time with a [[lady]] [[Frankenstein]] taking over the business from father.","[[Genuinely]] bad Italian horror movie, a sort of remake of Hammer infamous Frankenstein must be [[destroys]], this time with a [[damsel]] [[Casanova]] taking over the business from father.",0.0020662546157836914,0.003336608409881592,0,0,0,20,"Failed"
"[[Although]] it has been remade several [[times]], this movie is a classic if you are seeing it for the [[first]] time.","[[Despite]] it has been remade several [[dates]], this movie is a classic if you are seeing it for the [[fiirst]] time.",0.0032535791397094727,0.004159688949584961,1,1,1,31,"Failed"
"As long as you go into this movie knowing that it's terrible: bad acting, bad ""effects,"" bad story, bad... everything, then you'll love it.","As long as you go into this movie knowing that it's terrible: bad acting, bad ""effects,"" bad story, bad... everything, then you'll love it.",0.9933701157569885,0.9933701157569885,0,0,1,1,"Skipped"
"I [[wish]] they [[would]] just make a special section in the [[video]] rental stores for [[movies]] like this.","I [[desiring]] they [[should]] just make a special section in the [[videotaping]] rental stores for [[movie]] like this.",0.06567376852035522,0.18892240524291992,0,0,0,13,"Failed"
"A [[fine]] western, following the fate of those who possess the prize winning gun, a Winchester '73.","A [[fined]] western, following the fate of those who possess the prize winning gun, a Winchester '73.",0.00295335054397583,0.5473874807357788,1,0,1,3,"Successful"
"I [[decided]] to [[hire]] out this [[movie]] along with a few other [[old]] horror movies.","I [[opted]] to [[recruiting]] out this [[film]] along with a few other [[ancient]] horror movies.",0.07963329553604126,0.5251321792602539,0,1,0,18,"Successful"
"[[For]] [[pure]] gothic [[vampire]] cheese [[nothing]] can compare to the Subspecies films.I highly recommend each and every one of them.","[[During]] [[unadulterated]] gothic [[vamp]] cheese [[nothin]] can compare to the Subspecies films.I highly recommend each and every one of them.",0.008246183395385742,0.4659448266029358,1,1,1,14,"Failed"
"[[Did]] Sandra ([[yes]], she [[must]] have) know we [[would]] still be here for her some nine years later?","[[Could]] Sandra ([[oui]], she [[needs]] have) know we [[should]] still be here for her some nine years later?",0.03683829307556152,0.34850579500198364,1,1,1,13,"Failed"
"It is nice to [[see]] a [[show]] that has a little more content than just blood and guts for a change!","It is nice to [[consults]] a [[display]] that has a little more content than just blood and guts for a change!",0.04468506574630737,0.5817915797233582,1,0,1,16,"Successful"
"A [[great]] [[film]] in its [[genre]], the direction, acting, most [[especially]] the casting of the film makes it even more powerful.A must see.","A [[prodigious]] [[movie]] in its [[genus]], the direction, acting, most [[peculiarly]] the casting of the film makes it even more powerful.A must see.",0.0029039382934570312,0.008264899253845215,1,1,1,50,"Failed"
"its too bad that no one knows anything about this movie, and it gets old telling people it's rap's version of spinal tap.","its too bad that no one knows anything about this movie, and it gets old telling people it's rap's version of spinal tap.",0.800930380821228,0.800930380821228,0,0,1,1,"Skipped"
"[[Nicely]] done evil little comedy pitting the FBI against organized crime with a nice lady caught in the middle.","[[Respectfully]] done evil little comedy pitting the FBI against organized crime with a nice lady caught in the middle.",0.0075997114181518555,0.8487381935119629,1,0,1,8,"Successful"
"Otto Preminger's ""Porgy and Bess"" [[stands]], to date, as a [[great]] American [[musical]].","Otto Preminger's ""Porgy and Bess"" [[standing]], to date, as a [[prodigious]] American [[music]].",0.002549111843109131,0.76454758644104,1,0,1,27,"Successful"
"One of those [[TV]] [[films]] you [[saw]] in the seventies that [[scared]] the hell out of you when you were a kid but still gives you an eerie feeling.","One of those [[TELEVISIONS]] [[kino]] you [[watched]] in the seventies that [[spooked]] the hell out of you when you were a kid but still gives you an eerie feeling.",0.0038567185401916504,0.02025020122528076,1,1,1,31,"Failed"
"Well, I am SO glad I watched this on HBO instead of paying for it in the theaters or video store.","Well, I am SO glad I watched this on HBO instead of paying for it in the theaters or video store.",0.871925413608551,0.871925413608551,1,1,0,1,"Skipped"
"Despite its interesting premise, 'Sniper' is [[quite]] tedious.With a [[tighter]] [[script]] and sharper directing it could have been electrifying; instead it plods along with [[little]] tension.","Despite its interesting premise, 'Sniper' is [[rather]] tedious.With a [[stricter]] [[scripts]] and sharper directing it could have been electrifying; instead it plods along with [[petite]] tension.",0.0029912590980529785,0.07621997594833374,0,0,0,25,"Failed"
"this is a [[great]] [[movie]] for all Corey Feldman [[fans]].","this is a [[prodigious]] [[films]] for all Corey Feldman [[enthusiasts]].",0.003205239772796631,0.016610443592071533,1,1,1,25,"Failed"
"Working with one of the best Shakespeare sources, this film manages to be creditable to it's source, whilst still appealing to a wider audience.","Working with one of the best Shakespeare sources, this film manages to be creditable to it's source, whilst still appealing to a wider audience.",0.9809320569038391,0.9809320569038391,1,1,0,1,"Skipped"
"No [[offense]] to [[anyone]] who saw this and [[liked]] it, but I hated it!","No [[offences]] to [[everybody]] who saw this and [[enjoyed]] it, but I hated it!",0.007565140724182129,0.03663915395736694,0,0,0,18,"Failed"
"This movie was 100% [[boring]], i swear i almost [[died]] from boredom at the theater.","This movie was 100% [[bore]], i swear i almost [[succumbed]] from boredom at the theater.",0.00627821683883667,0.008173346519470215,0,0,0,19,"Failed"
"I wouldn't [[rent]] this one even on [[dollar]] [[rental]] night.","I wouldn't [[leasing]] this one even on [[dollars]] [[rentals]] night.",0.014645218849182129,0.03626132011413574,0,0,0,10,"Failed"
"This is one of the funniest [[movies]] I have ever seen.","This is one of the funniest [[films]] I have ever seen.",0.008219420909881592,0.008401989936828613,1,1,1,7,"Failed"
"Pretty [[dreadful]] [[movie]] about [[several]] [[unbalanced]] young people in a car starts off reasonably well but becomes more bizarre and hard to swallow as it progresses.","Pretty [[spooky]] [[flick]] about [[many]] [[asymmetrical]] young people in a car starts off reasonably well but becomes more bizarre and hard to swallow as it progresses.",0.002534151077270508,0.2612401247024536,0,0,0,34,"Failed"
"i [[found]] the [[story]] to be just enough of a thriller that the [[wonderful]] henry mancici music didn't lull me.","i [[uncovered]] the [[narratives]] to be just enough of a thriller that the [[brilliant]] henry mancici music didn't lull me.",0.00255584716796875,0.02659374475479126,1,1,1,31,"Failed"
"This [[movie]] shows me, that americans have no knowledge about the situation in the sad balkan-brother war!","This [[cinematographic]] shows me, that americans have no knowledge about the situation in the sad balkan-brother war!",0.18202346563339233,0.7098541259765625,0,1,0,10,"Successful"
"This [[film]] [[captures]] the true [[struggle]] with identity that is ongoing in our teenage years.","This [[movies]] [[caught]] the true [[battling]] with identity that is ongoing in our teenage years.",0.002755880355834961,0.005847036838531494,1,1,1,23,"Failed"
"This [[film]] lingered and lingered at a [[small]] [[movie]] theater in town, and the word-of-mouth buzz got me to [[see]] it.","This [[kino]] lingered and lingered at a [[minor]] [[movies]] theater in town, and the word-of-mouth buzz got me to [[seeing]] it.",0.06740468740463257,0.24206852912902832,1,1,1,19,"Failed"
"I have [[probably]] [[seen]] this movie over fifty [[times]] by now because of the [[kids]] they just cant get enough of Spirit.","I have [[presumably]] [[noticed]] this movie over fifty [[period]] by now because of the [[child]] they just cant get enough of Spirit.",0.019340574741363525,0.6443223357200623,1,0,1,37,"Successful"
"[[Despite]] the [[high]] [[ratings]] given to this film by IMDB users, this is [[nothing]] more than your typical girl-with-a-bad-childhood-obsessively-stalks-married-man film.","[[Whilst]] the [[higher]] [[appraisals]] given to this film by IMDB users, this is [[anything]] more than your typical girl-with-a-bad-childhood-obsessively-stalks-married-man film.",0.007585465908050537,0.5742346048355103,0,1,0,28,"Successful"
"More suspenseful, more subtle, much, much more disturbing....","More suspenseful, more subtle, much, much more disturbing....",0.9962522983551025,0.9962522983551025,1,1,0,1,"Skipped"
"Moonwalker is such a [[great]] movie, from [[start]] to [[finish]] you cant take your [[eyes]] away.","Moonwalker is such a [[prodigious]] movie, from [[launch]] to [[finalize]] you cant take your [[eye]] away.",0.002268850803375244,0.02380436658859253,1,1,1,49,"Failed"
"I don't believe it... Luc Besson is not only a genius now...he has [[always]] been one... this [[film]] is for [[everyone]] who likes [[real]] good deep films...just perfect!","I don't believe it... Luc Besson is not only a genius now...he has [[incessantly]] been one... this [[cinematography]] is for [[somebody]] who likes [[actual]] good deep films...just perfect!",0.009083569049835205,0.13761842250823975,1,1,1,42,"Failed"
"not a [[Larry]] Mcmurty [[masterpiece]] but it [[stands]] on its own as a [[good]] western, any of the lonesome doves do.","not a [[Lar]] Mcmurty [[centerpiece]] but it [[standing]] on its own as a [[alright]] western, any of the lonesome doves do.",0.004352986812591553,0.027066409587860107,1,1,1,6,"Failed"
"I [[found]] this a very [[enjoyable]] light hearted [[comedy]] set in Wales with some [[truly]] funny sequences highlighting the rivalry between two funeral directors.","I [[uncovered]] this a very [[pleasurable]] light hearted [[parody]] set in Wales with some [[really]] funny sequences highlighting the rivalry between two funeral directors.",0.002061188220977783,0.012070178985595703,1,1,1,22,"Failed"
"I [[cant]] go for [[long]] [[describing]] this tittle, [[simply]] because I do not feel strong about it.","I [[isnt]] go for [[longer]] [[outlined]] this tittle, [[merely]] because I do not feel strong about it.",0.008209228515625,0.03527742624282837,0,0,0,27,"Failed"
"Great movie - especially the music - Etta James - ""At Last"".This speaks volumes when you have finally found that special someone.","Great movie - especially the music - Etta James - ""At Last"".This speaks volumes when you have finally found that special someone.",0.9945864081382751,0.9945864081382751,1,1,0,1,"Skipped"
"[[If]] you've ever had a [[mad]] week-end out with your [[mates]] then you'll appreciate this film.[[Excellent]] fun and a laugh a minute.","[[Unless]] you've ever had a [[lunatic]] week-end out with your [[buddies]] then you'll appreciate this film.[[Superb]] fun and a laugh a minute.",0.006077587604522705,0.7862346172332764,1,0,1,36,"Successful"
"A very [[comical]] but down to [[earth]] look into the behind the scene workings of an Australian bowling club.","A very [[farcical]] but down to [[terra]] look into the behind the scene workings of an Australian bowling club.",0.007992267608642578,0.028250157833099365,1,1,1,12,"Failed"
"The Disney studios' remake of their own 1965 slapstick classic concerns a clever feline leading an F.B.I. agent to a kidnapped woman.","The Disney studios' remake of their own 1965 slapstick classic concerns a clever feline leading an F.B.I. agent to a kidnapped woman.",0.8330948352813721,0.8330948352813721,1,1,0,1,"Skipped"
"I [[know]] this is a made for [[TV]] [[movie]], and the acting in [[made]] for TV movies is usually sub-par, but it's absolutely horrendous in this film.","I [[savoir]] this is a made for [[TELEVISIONS]] [[cinematic]], and the acting in [[accomplished]] for TV movies is usually sub-par, but it's absolutely horrendous in this film.",0.006459653377532959,0.8224606513977051,0,1,0,18,"Successful"
"[[In]] my opinion this is the best Oliver [[Stone]] flick -- [[probably]] more because of Bogosian's influence than anything else.","[[Onto]] my opinion this is the best Oliver [[Pebble]] flick -- [[unquestionably]] more because of Bogosian's influence than anything else.",0.0022974610328674316,0.004485785961151123,1,1,1,23,"Failed"
"one day [[someone]] said lets redo the mod squad we can make it hip cool and all that YO!","one day [[anybody]] said lets redo the mod squad we can make it hip cool and all that YO!",0.3659239411354065,0.8294996023178101,0,1,0,7,"Successful"
"Well, i [[thought]] the [[movie]] was blah 1/10.","Well, i [[ideas]] the [[films]] was blah 1/10.",0.044049859046936035,0.2053784728050232,0,0,0,12,"Failed"
"To [[begin]] with its a rip off of the Japanese film Battle Royal except it's missing the one thing that made BR unique, balls.","To [[starting]] with its a rip off of the Japanese film Battle Royal except it's missing the one thing that made BR unique, balls.",0.11747747659683228,0.6833040714263916,0,1,0,15,"Successful"
"[[At]] one point in this waste of celluloid, Charles [[Dance]] as some sort of meant-to-be-funny, cyborg bad [[guy]] says ""If I had an anus, I'd soil myself"".[[Quite]].","[[Under]] one point in this waste of celluloid, Charles [[Ballet]] as some sort of meant-to-be-funny, cyborg bad [[man]] says ""If I had an anus, I'd soil myself"".[[Perfectly]].",0.005875885486602783,0.010541439056396484,0,0,0,36,"Failed"
"After eight Moto films the series had run its course, as this last entry demonstrates.","After eight Moto films the series had run its course, as this last entry demonstrates.",0.8715952634811401,0.8715952634811401,1,1,0,1,"Skipped"
"This movie is so [[bad]], I knew how it ends right after this little girl killed the first person.","This movie is so [[rotten]], I knew how it ends right after this little girl killed the first person.",0.008976936340332031,0.5788307189941406,0,1,0,18,"Successful"
"Spanish horrors are not bad at all, some are smart with interesting stories, but is not the case of ""Second Name"".","Spanish horrors are not bad at all, some are smart with interesting stories, but is not the case of ""Second Name"".",0.8806450963020325,0.8806450963020325,1,1,0,1,"Skipped"
"I [[think]] it's one of the [[greatest]] movies which are ever made, and I've [[seen]] many... The book is better, but it's [[still]] a very good movie!","I [[thought]] it's one of the [[widest]] movies which are ever made, and I've [[noticed]] many... The book is better, but it's [[however]] a very good movie!",0.0029339194297790527,0.006570398807525635,1,1,1,29,"Failed"
"I [[enjoyed]] [[every]] moment of this [[movie]], even though I knew they could never really be together.","I [[appreciated]] [[each]] moment of this [[cinema]], even though I knew they could never really be together.",0.005890250205993652,0.012329697608947754,1,1,1,24,"Failed"
"I will not [[even]] [[make]] any more [[comments]] about this movie.","I will not [[yet]] [[deliver]] any more [[remarks]] about this movie.",0.048686087131500244,0.286638081073761,0,0,0,6,"Failed"
"[[Great]] underrated movie [[great]] [[action]] good actors and a [[wonderful]] story line.","[[Splendid]] underrated movie [[excellent]] [[efforts]] good actors and a [[sublime]] story line.",0.003721296787261963,0.007241964340209961,1,1,1,67,"Failed"
"[[Summer]] Phoenix did a [[great]] performance where you really feel what she's not able to feel and you just cannot [[understand]] what she has on her mind.","[[Hsia]] Phoenix did a [[prodigious]] performance where you really feel what she's not able to feel and you just cannot [[understands]] what she has on her mind.",0.0026742219924926758,0.00928497314453125,1,1,1,13,"Failed"
"[[Brilliant]] and moving performances by Tom Courtenay and [[Peter]] Finch.","[[Resplendent]] and moving performances by Tom Courtenay and [[Peters]] Finch.",0.00596308708190918,0.008291304111480713,1,1,1,11,"Failed"
"The [[characters]] are unlikeable and the [[script]] is [[awful]].It's a [[waste]] of the talents of Deneuve and Auteuil.","The [[hallmarks]] are unlikeable and the [[screenplay]] is [[dreadful]].It's a [[squandering]] of the talents of Deneuve and Auteuil.",0.0026093125343322754,0.006646394729614258,0,0,0,21,"Failed"
"As I said the idea itself was great and it had plenty potential.","As I said the idea itself was great and it had plenty potential.",0.7387459874153137,0.7387459874153137,1,1,0,1,"Skipped"
"with very [[little]] screen time and money, Dan Katzir manages to do so much.","with very [[scant]] screen time and money, Dan Katzir manages to do so much.",0.010229110717773438,0.021546244621276855,1,1,1,5,"Failed"
"Ten [[minutes]] of people spewing gallons of pink vomit.Recurring scenes of [[enormous]] [[piles]] of [[dog]] excrement - need one say more?","Ten [[mins]] of people spewing gallons of pink vomit.Recurring scenes of [[formidable]] [[batteries]] of [[pooch]] excrement - need one say more?",0.01261228322982788,0.39288151264190674,0,0,0,41,"Failed"
"Once in a while you [[get]] [[amazed]] over how [[BAD]] a film can be, and how in the [[world]] anybody could raise money to make this kind of crap.","Once in a while you [[got]] [[appalled]] over how [[UNFAVORABLE]] a film can be, and how in the [[globe]] anybody could raise money to make this kind of crap.",0.005144715309143066,0.06589317321777344,0,0,0,28,"Failed"
"The creators of south park in their own [[film]] here, this is a [[brilliant]] [[film]] with a [[huge]] entertainment factor.","The creators of south park in their own [[films]] here, this is a [[lustrous]] [[cinematic]] with a [[large]] entertainment factor.",0.002820611000061035,0.015147089958190918,1,1,1,42,"Failed"
"This [[movie]] goes beyond just being [[bad]], it is [[definitively]] the [[worst]] movie I have ever seen in my entire life.","This [[movies]] goes beyond just being [[amiss]], it is [[certainly]] the [[worse]] movie I have ever seen in my entire life.",0.003624856472015381,0.009688615798950195,0,0,0,23,"Failed"
"This true story of Carlson's Raiders is more of a Army training film than anything else.","This true story of Carlson's Raiders is more of a Army training film than anything else.",0.9925037026405334,0.9925037026405334,1,1,0,1,"Skipped"
"This piece of crap, [[since]] I can't call it a movie, can be [[summed]] up by the following.","This piece of crap, [[because]] I can't call it a movie, can be [[amounted]] up by the following.",0.008847296237945557,0.025483369827270508,0,0,0,12,"Failed"
"As [[usual]], Sean Connery does a [[great]] [[job]].Lawrence Fishburn is good, but I have a hard time not seeing him as [[Ike]] Turner.","As [[normal]], Sean Connery does a [[prodigious]] [[employment]].Lawrence Fishburn is good, but I have a hard time not seeing him as [[Lke]] Turner.",0.003239452838897705,0.20222878456115723,1,1,1,30,"Failed"
"This [[movie]] is terrible but it has some good [[effects]].","This [[cinematographic]] is terrible but it has some good [[effect]].",0.019139528274536133,0.19860374927520752,0,0,0,9,"Failed"
"As far as horror flicks [[go]], this one is pretty [[darn]] good.","As far as horror flicks [[going]], this one is pretty [[geez]] good.",0.00984501838684082,0.034222185611724854,1,1,1,5,"Failed"
"That's about the only redeeming quality in a [[movie]] that [[otherwise]] [[insults]] the viewer's intelligence by [[losing]] track of time, plot, and reason for being produced.","That's about the only redeeming quality in a [[films]] that [[alternatively]] [[slurs]] the viewer's intelligence by [[loses]] track of time, plot, and reason for being produced.",0.009388506412506104,0.0194394588470459,0,0,0,17,"Failed"
"[[Man]], this [[would]] have been a bad episode of the original series.","[[Males]], this [[could]] have been a bad episode of the original series.",0.0029547810554504395,0.019324064254760742,0,0,0,10,"Failed"
"[[Similar]] [[story]] line, [[done]] many times before, and this was no improvement.","[[Analogous]] [[history]] line, [[performed]] many times before, and this was no improvement.",0.006739556789398193,0.033306777477264404,0,0,0,16,"Failed"
"To me, the [[final]] scene, in which Harris [[responds]] to the press corp, is worthy of viewing this intelligent and timeless [[slice]] of politics([[especially]] the campaign phase).","To me, the [[latter]] scene, in which Harris [[replying]] to the press corp, is worthy of viewing this intelligent and timeless [[cut]] of politics([[principally]] the campaign phase).",0.0022971034049987793,0.014322400093078613,1,1,1,25,"Failed"
"This was one of the [[worst]] movies I have ever seen!","This was one of the [[hardest]] movies I have ever seen!",0.005203068256378174,0.982613205909729,0,1,0,3,"Successful"
"Brian De Palma's undeniable virtuosity can't really camouflage the fact that his plot here is a thinly disguised ""[[Psycho]]"" carbon [[copy]], but he does [[provide]] a [[genuinely]] terrifying climax.","Brian De Palma's undeniable virtuosity can't really camouflage the fact that his plot here is a thinly disguised ""[[Psychopathic]]"" carbon [[copies]], but he does [[delivers]] a [[actually]] terrifying climax.",0.009189486503601074,0.23005354404449463,1,1,1,36,"Failed"
"[[First]] Off Acting Is [[So]] Terrible Except [[For]] The Actor [[Who]] Plays Spencer.","[[Firstly]] Off Acting Is [[Consequently]] Terrible Except [[Per]] The Actor [[Whom]] Plays Spencer.",0.003308892250061035,0.01673656702041626,0,0,0,14,"Failed"
"[[Definitely]] not worth the rental, but if you catch it on cable, you'll be pleasantly [[surprised]] by the cameos--Iman's appearance is especially self-deprecating.","[[Admittedly]] not worth the rental, but if you catch it on cable, you'll be pleasantly [[stunned]] by the cameos--Iman's appearance is especially self-deprecating.",0.005695164203643799,0.7238844037055969,0,1,0,25,"Successful"
"Since cats have nine lives, I'll give you nine reasons to see this movie:* The kittens Berlioz and Toulouse playing the piano together (so unbelievably cute!","Since cats have nine lives, I'll give you nine reasons to see this movie:* The kittens Berlioz and Toulouse playing the piano together (so unbelievably cute!",0.9604486227035522,0.9604486227035522,0,0,1,1,"Skipped"
"[[Excellent]] documentary that [[still]] manages to [[shock]] and enlighten.","[[Admirable]] documentary that [[however]] manages to [[shocked]] and enlighten.",0.002196967601776123,0.013650357723236084,1,1,1,28,"Failed"
"The [[movie]] is not as [[funny]] as the director's preceding (and only other) movie, Shanghai Noon.","The [[kino]] is not as [[hilarious]] as the director's preceding (and only other) movie, Shanghai Noon.",0.17001277208328247,0.6531285047531128,0,1,0,14,"Successful"
"[[Anyone]] who does not [[find]] this [[movie]] [[funny]], does not understand simple comedy.","[[Nobody]] who does not [[unearthed]] this [[film]] [[droll]], does not understand simple comedy.",0.004228770732879639,0.020856082439422607,1,1,1,16,"Failed"
"[[Based]] on the true [[story]] of the FBIs [[hunt]] for those who were responsible for the bombing of the World Trade [[Center]] Building.","[[Predicated]] on the true [[histories]] of the FBIs [[chasing]] for those who were responsible for the bombing of the World Trade [[Centering]] Building.",0.017324209213256836,0.0707472562789917,1,1,1,16,"Failed"
"Thomas Edison had no other [[reason]] to [[make]] this film except to show that film can capture the electrocution of an innocent elephant.","Thomas Edison had no other [[motif]] to [[deliver]] this film except to show that film can capture the electrocution of an innocent elephant.",0.38921070098876953,0.538695752620697,0,1,0,14,"Successful"
"I [[gave]] Timecop a [[perfect]] 10, I gave this 1It's [[story]] is very boring, and it has only little to do with the original Timecop.","I [[delivered]] Timecop a [[flawless]] 10, I gave this 1It's [[history]] is very boring, and it has only little to do with the original Timecop.",0.03757822513580322,0.5542383193969727,0,1,0,22,"Successful"
"THis was a [[hilarious]] [[movie]] and I would see it again and again.","THis was a [[comical]] [[movies]] and I would see it again and again.",0.0032834410667419434,0.0036493539810180664,1,1,1,9,"Failed"
"[[Hard]] up, No proper jobs going down at the pit, why not rent your kids!","[[Dur]] up, No proper jobs going down at the pit, why not rent your kids!",0.07577294111251831,0.7958558797836304,0,1,0,9,"Successful"
"[[Sorry]], [[gave]] it a 1, which is the [[rating]] I [[give]] to movies on which I walk out or fall asleep.","[[Apologies]], [[supplied]] it a 1, which is the [[punctuation]] I [[confer]] to movies on which I walk out or fall asleep.",0.0165826678276062,0.16648268699645996,0,0,0,20,"Failed"
"I was talked into watching this movie by a friend who blubbered on about what a cute story this was.","I was talked into watching this movie by a friend who blubbered on about what a cute story this was.",0.6071127653121948,0.6071127653121948,1,1,0,1,"Skipped"
"From a military historian's [[standpoint]], [[nearly]] everything in this movie is historically [[accurate]].","From a military historian's [[viewpoint]], [[roughly]] everything in this movie is historically [[accuracy]].",0.007428467273712158,0.22520124912261963,1,1,1,23,"Failed"
"The [[DVD]] [[release]] of this superior [[made]] for [[TV]] BBC drama is a more than welcome addition to my collection.","The [[DVDS]] [[liberate]] of this superior [[introduced]] for [[TELEVISIONS]] BBC drama is a more than welcome addition to my collection.",0.003032863140106201,0.004536092281341553,1,1,1,16,"Failed"
"If you [[thought]] ""ROSEMARY'S [[BABY]]"" was bad, this one isn't [[much]] better.","If you [[thinks]] ""ROSEMARY'S [[HONEY]]"" was bad, this one isn't [[very]] better.",0.02372080087661743,0.06303882598876953,0,0,0,16,"Failed"
"Because it's late and i'm running short on vocabulary, i will describe this film as ""[[beautiful]] and heartbreaking,"" begging the forgiveness of those who cringe at such cliches.","Because it's late and i'm running short on vocabulary, i will describe this film as ""[[exquisite]] and heartbreaking,"" begging the forgiveness of those who cringe at such cliches.",0.05123341083526611,0.5692622661590576,1,0,1,12,"Successful"
"This has an interesting, albeit somewhat fanciful sci-fi [[plot]], but it's wasted with [[poor]] [[direction]] and shlocky [[special]] effects.","This has an interesting, albeit somewhat fanciful sci-fi [[intrigue]], but it's wasted with [[pauper]] [[orientation]] and shlocky [[particular]] effects.",0.0058917999267578125,0.14908480644226074,0,0,0,19,"Failed"
"A very well directed version of [[Eric]] Bogosian's [[stage]] play.","A very well directed version of [[Erick]] Bogosian's [[phase]] play.",0.002975761890411377,0.003751218318939209,1,1,1,4,"Failed"
"I don't know why I like this movie so well, but I never [[get]] [[tired]] of [[watching]] it.","I don't know why I like this movie so well, but I never [[gets]] [[knackered]] of [[staring]] it.",0.008583247661590576,0.03469383716583252,1,1,1,11,"Failed"
"A movie you start watching as a late night cable porn....","A movie you start watching as a late night cable porn....",0.918071448802948,0.918071448802948,0,0,1,1,"Skipped"
"The bottom [[line]] is: if you come looking for a sci-fi thriller/[[horror]] film, The Matrix is what you'll like.","The bottom [[linea]] is: if you come looking for a sci-fi thriller/[[abomination]] film, The Matrix is what you'll like.",0.4002622961997986,0.6521998643875122,1,0,1,7,"Successful"
"Ok I will sum up this [[movie]]... A bunch of [[skanky]] British [[women]] have some disease that [[basically]] is turning them into zombies.","Ok I will sum up this [[movies]]... A bunch of [[vulgar]] British [[daughters]] have some disease that [[fundamentally]] is turning them into zombies.",0.004779636859893799,0.007286489009857178,0,0,0,21,"Failed"
"Complete entertainment![[Although]] there are many strange [[things]] in the movie that the fairy [[tale]] itself doesn't have them including the autumn characters (mother and [[daughter]]) the general concept rocks.","Complete entertainment![[Despite]] there are many strange [[items]] in the movie that the fairy [[story]] itself doesn't have them including the autumn characters (mother and [[fille]]) the general concept rocks.",0.003265976905822754,0.014862298965454102,1,1,1,20,"Failed"
"The one-liners [[fly]] so [[fast]] in this [[movie]] that you can watch it over and over and [[still]] catch new ones.By far one of the best of this genre.","The one-liners [[flying]] so [[expeditiously]] in this [[films]] that you can watch it over and over and [[yet]] catch new ones.By far one of the best of this genre.",0.0022942423820495605,0.005461752414703369,1,1,1,27,"Failed"
"I did not like this [[film]] at all: The [[scenario]] is boring - and after a while, its primitive predictability [[really]] [[gets]] on your nerves.","I did not like this [[cinematography]] at all: The [[screenplay]] is boring - and after a while, its primitive predictability [[genuinely]] [[obtains]] on your nerves.",0.010707855224609375,0.1597825288772583,0,0,0,20,"Failed"
"A [[kinda]] remake of [[PLANES]] TRAINS AND [[AUTOMOBILES]] in a [[lot]] of ways.","A [[sorta]] remake of [[AIRLINER]] TRAINS AND [[AUTOS]] in a [[lots]] of ways.",0.004813730716705322,0.07095474004745483,1,1,1,25,"Failed"
"does [[anybody]] know why this [[movie]] is called the couch trip?","does [[somebody]] know why this [[movies]] is called the couch trip?",0.12541037797927856,0.2089017629623413,1,1,1,12,"Failed"
"Don't [[waste]] your [[time]] and [[money]] on it.It's not quite as bad as ""Adrenalin"", by the same director but that's not [[saying]] much.","Don't [[wastes]] your [[period]] and [[moneys]] on it.It's not quite as bad as ""Adrenalin"", by the same director but that's not [[arguing]] much.",0.0153617262840271,0.10927516222000122,0,0,0,12,"Failed"
"I was particularly moved by the understated [[courage]] and integrity of l'Anglaise, in this beautifully acted, intellectually and visually [[compelling]] film.[[Thank]] you so much, [[Monsieur]] le directeur Rohmer.","I was particularly moved by the understated [[gallantry]] and integrity of l'Anglaise, in this beautifully acted, intellectually and visually [[conclusive]] film.[[Thanks]] you so much, [[Gentleman]] le directeur Rohmer.",0.004922926425933838,0.006787896156311035,1,1,1,48,"Failed"
"Read the [[book]], forget the [[movie]]!","Read the [[books]], forget the [[movies]]!",0.014696061611175537,0.09920358657836914,0,0,0,6,"Failed"
"[[Annoying]], static comedy with a painfully miscast Peter [[Sellers]] as a smarmy, self-centered Casanova who always has his way with the ladies.","[[Vexing]], static comedy with a painfully miscast Peter [[Salesperson]] as a smarmy, self-centered Casanova who always has his way with the ladies.",0.0036274194717407227,0.02373325824737549,0,0,0,24,"Failed"
"This is a [[great]] [[movie]].Too bad it is not available on [[home]] video.","This is a [[marvellous]] [[movies]].Too bad it is not available on [[homes]] video.",0.004467010498046875,0.031556546688079834,1,1,1,20,"Failed"
"After a [[big]] [[tip]] of the [[hat]] to Spinal Tap, this [[movie]] is hilarious.","After a [[prodigious]] [[tipping]] of the [[hats]] to Spinal Tap, this [[kino]] is hilarious.",0.004155337810516357,0.014192581176757812,1,1,1,33,"Failed"
"This [[movie]] is [[specially]] for [[children]] and I [[think]] they will enjoy the movie.","This [[flick]] is [[particularly]] for [[child]] and I [[ideas]] they will enjoy the movie.",0.004873394966125488,0.008801043033599854,1,1,1,20,"Failed"
"this [[movie]], while it [[could]] be considered an alright attempt at comedy, is not what the previews made it out to be.","this [[cinema]], while it [[wo]] be considered an alright attempt at comedy, is not what the previews made it out to be.",0.08323395252227783,0.7116451859474182,0,1,0,10,"Successful"
"I would love to have that two hours of my life back.","I would love to have that two hours of my life back.",0.8845638036727905,0.8845638036727905,1,1,0,1,"Skipped"
"Very [[intelligent]] language usage of Ali, which you musn't miss!In one word: (eeh sentence...) Wicked, so keep it real and pass it on!","Very [[crafty]] language usage of Ali, which you musn't miss!In one word: (eeh sentence...) Wicked, so keep it real and pass it on!",0.018765628337860107,0.7626784443855286,1,0,1,9,"Successful"
"scarlet coat [[like]] most revolution flicks [[wasnt]] well received but is nears perfection in the art of movie making.","scarlet coat [[iike]] most revolution flicks [[doesnt]] well received but is nears perfection in the art of movie making.",0.09898579120635986,0.6861381530761719,1,0,1,16,"Successful"
"What a [[strange]] [[atmosphere]] is being created in the streets and on the [[Golden]] [[Gate]] Bridge of San Francisco in this exciting action picture.","What a [[bizarre]] [[atmospheric]] is being created in the streets and on the [[Dore]] [[Stargate]] Bridge of San Francisco in this exciting action picture.",0.0017647743225097656,0.004840433597564697,1,1,1,15,"Failed"
"Agreeable ""Boy's Own Paper"" [[nonsense]] with a sprightly performance from Cushing, some amusing rubber monsters, colourful jungle sets, & the ever-welcome appearance of Caroline Munro in animal skins.","Agreeable ""Boy's Own Paper"" [[bullshit]] with a sprightly performance from Cushing, some amusing rubber monsters, colourful jungle sets, & the ever-welcome appearance of Caroline Munro in animal skins.",0.21963953971862793,0.6886537075042725,1,0,1,8,"Successful"
"A [[wonderful]] [[story]] about the [[consequences]] of obsessive love with the [[beautiful]] romantic back streets of Paris as its location.","A [[wondrous]] [[stories]] about the [[repercussions]] of obsessive love with the [[wondrous]] romantic back streets of Paris as its location.",0.005058228969573975,0.07678467035293579,1,1,1,59,"Failed"
"1st watched 8/31/1996 - (Dir-Tim Robbins): Very thought [[provoking]] and very well done movie on the subject of the [[death]] penalty.[[Deserved]] more [[recognition]] and publicity than it received.","1st watched 8/31/1996 - (Dir-Tim Robbins): Very thought [[causing]] and very well done movie on the subject of the [[decease]] penalty.[[Deserves]] more [[recognize]] and publicity than it received.",0.010792195796966553,0.016381680965423584,1,1,1,20,"Failed"
"Sickening exploitation trash plays like a bad (and reverse) ""[[Death]] Wish"" ripoff - but the [[ugly]] and untalented Tamerlis makes [[Charles]] Bronson [[look]] like Al Pacino with her performance.","Sickening exploitation trash plays like a bad (and reverse) ""[[Deaths]] Wish"" ripoff - but the [[grisly]] and untalented Tamerlis makes [[Charl]] Bronson [[peek]] like Al Pacino with her performance.",0.015436947345733643,0.16541039943695068,0,0,0,22,"Failed"
"I admit it's very silly, but I've practically memorized the [[damn]] thing!","I admit it's very silly, but I've practically memorized the [[dammit]] thing!",0.3644060492515564,0.5942902565002441,1,0,1,4,"Successful"
"what was the quote by archbishop tutu at the end of the film about a person's past?","what was the quote by archbishop tutu at the end of the film about a person's past?",0.8643699884414673,0.8643699884414673,0,0,1,1,"Skipped"
"very [[badly]] [[made]] film, the action/violence scenes are ridiculous.","very [[sorely]] [[accomplished]] film, the action/violence scenes are ridiculous.",0.0031508803367614746,0.7540295720100403,0,1,0,5,"Successful"
"[[mature]] [[intelligent]] and highly charged melodrama unbelivebly [[filmed]] in China in 1948.","[[adult]] [[smarts]] and highly charged melodrama unbelivebly [[shot]] in China in 1948.",0.02879124879837036,0.6459370851516724,1,0,1,27,"Successful"
"This [[short]] [[deals]] with a severely critical writing teacher whose undiplomatic criticism extends into his everyday life.","This [[terse]] [[deal]] with a severely critical writing teacher whose undiplomatic criticism extends into his everyday life.",0.021499454975128174,0.8215878009796143,1,0,1,4,"Successful"
"This [[film]] [[brought]] back a lot of good [[memories]] and really works to give a good buzz.","This [[movies]] [[tabled]] back a lot of good [[memory]] and really works to give a good buzz.",0.002787172794342041,0.7300134897232056,1,0,1,13,"Successful"
"My [[favorite]] [[part]] of this film was the old man's attempt to cure his neighbor's ills by putting the [[strong]] medicine in his bath.","My [[favored]] [[party]] of this film was the old man's attempt to cure his neighbor's ills by putting the [[forceful]] medicine in his bath.",0.06014657020568848,0.7681497931480408,1,0,1,10,"Successful"
"It may be [[difficult]] to [[believe]], but the [[basic]] plot of this abysmal flick has been lifted from Hitchcock's perennial classic, ""[[Vertigo]]"".","It may be [[tricky]] to [[think]], but the [[fundamental]] plot of this abysmal flick has been lifted from Hitchcock's perennial classic, ""[[Dizziness]]"".",0.007988274097442627,0.03848540782928467,0,0,0,14,"Failed"
"There are very few movies that are so [[funny]] as this one.","There are very few movies that are so [[comical]] as this one.",0.003432154655456543,0.5192981958389282,1,0,1,5,"Successful"
"[[Although]] Twenty Minutes of [[Love]] is a [[harmless]] [[attempt]] at an early comedy, it was difficult to follow and the film quality was not very good.","[[Though]] Twenty Minutes of [[Iove]] is a [[benign]] [[strive]] at an early comedy, it was difficult to follow and the film quality was not very good.",0.014630436897277832,0.06600737571716309,0,0,0,29,"Failed"
"I [[find]] myself [[comparing]] all stand-up [[acts]] to this one performance now.","I [[unearthed]] myself [[compared]] all stand-up [[act]] to this one performance now.",0.0411641001701355,0.563988208770752,1,0,1,9,"Successful"
"This [[documentary]] is such a [[wonderful]] example of what an entertaining and [[amazing]] experience a [[documentary]] can be, if done so well as this.","This [[documentation]] is such a [[delightful]] example of what an entertaining and [[unbelievable]] experience a [[documentaries]] can be, if done so well as this.",0.0032245516777038574,0.018380284309387207,1,1,1,45,"Failed"
"As so [[many]] others have written, this is a [[wonderful]] documentary.","As so [[innumerable]] others have written, this is a [[excellent]] documentary.",0.004526078701019287,0.007786095142364502,1,1,1,30,"Failed"
"If you [[like]] [[Pauly]] Shore, you'll [[love]] Son in [[Law]].If you hate Pauly Shore, then, well...I liked it!","If you [[fond]] [[Paulo]] Shore, you'll [[adores]] Son in [[Laws]].If you hate Pauly Shore, then, well...I liked it!",0.009805023670196533,0.019175231456756592,1,1,1,23,"Failed"
"This [[movie]] will [[always]] be a Broadway and [[Movie]] classic, as long as there are still people who [[sing]], dance, and act.","This [[kino]] will [[permanently]] be a Broadway and [[Kino]] classic, as long as there are still people who [[sings]], dance, and act.",0.003104090690612793,0.07396870851516724,1,1,1,19,"Failed"
"[[In]] the process of boring you with the wordy, rambling storyline and the complete absence of character development, it manages to enforce a few negative black stereotypes out there.","[[For]] the process of boring you with the wordy, rambling storyline and the complete absence of character development, it manages to enforce a few negative black stereotypes out there.",0.4015670418739319,0.5036009550094604,0,1,0,9,"Successful"
"What a script, what a story, what a [[mess]]!","What a script, what a story, what a [[chaos]]!",0.006676852703094482,0.3404383659362793,0,0,0,5,"Failed"
"Well this was the WWF's last [[pay]] per [[view]] [[event]] of the [[millennium]] and it ended the year and millennium right.","Well this was the WWF's last [[remuneration]] per [[views]] [[phenomena]] of the [[millenium]] and it ended the year and millennium right.",0.08342862129211426,0.3651324510574341,1,1,1,23,"Failed"
"[[While]] the romance in this film is an [[important]] aspect, it is [[largely]] about the role of responsibility and [[duty]] in modern Indian.","[[Despite]] the romance in this film is an [[notable]] aspect, it is [[widely]] about the role of responsibility and [[responsibility]] in modern Indian.",0.005173981189727783,0.4577600359916687,1,1,1,51,"Failed"
"Ming The [[Merciless]] does a little Bardwork and a [[movie]] most foul!","Ming The [[Implacable]] does a little Bardwork and a [[flick]] most foul!",0.025466620922088623,0.5224453210830688,0,1,0,18,"Successful"
"i don't care if you'd like my comment or no but i think that you who write that the movie isn't good.","i don't care if you'd like my comment or no but i think that you who write that the movie isn't good.",0.5019991397857666,0.5019991397857666,0,0,1,1,"Skipped"
"THE SEVENTH SIGN has a great opening hook as the Israeli defence force come across a terrorist base .","THE SEVENTH SIGN has a great opening hook as the Israeli defence force come across a terrorist base .",0.9615883231163025,0.9615883231163025,1,1,0,1,"Skipped"
"The [[Claude]] Lelouch's movie is a pretty good moment of cinema.","The [[Claudius]] Lelouch's movie is a pretty good moment of cinema.",0.0026336312294006348,0.002732515335083008,1,1,1,3,"Failed"
"I [[always]] [[enjoy]] this [[movie]] when it [[shows]] up on TV.","I [[incessantly]] [[enjoys]] this [[movies]] when it [[showcase]] up on TV.",0.013010859489440918,0.043710291385650635,1,1,1,35,"Failed"
"[[loved]] the [[story]] of a guy that tries to get his girl back....","[[liked]] the [[narratives]] of a guy that tries to get his girl back....",0.00619274377822876,0.5853559970855713,1,0,1,11,"Successful"
"[[Excruciatingly]] slow-paced, over-scripted black [[comedy]] with a too-clever premise and [[bad]] acting.","[[Terrifyingly]] slow-paced, over-scripted black [[humour]] with a too-clever premise and [[unfavourable]] acting.",0.0024912357330322266,0.044497787952423096,0,0,0,27,"Failed"
"I [[generally]] [[love]] SRK as a villain (how can you not?","I [[routinely]] [[loves]] SRK as a villain (how can you not?",0.16341078281402588,0.6030451655387878,1,0,1,16,"Successful"
"one of the [[worst]] [[excuses]] for an irish accents i've heard.","one of the [[meanest]] [[excuse]] for an irish accents i've heard.",0.027336835861206055,0.6108970642089844,0,1,0,5,"Successful"
"Jamie Foxx is fun but this movie has been done before.","Jamie Foxx is fun but this movie has been done before.",0.7640107870101929,0.7640107870101929,1,1,0,1,"Skipped"
"I wasn`t [[expecting]] much with HARLEM [[NIGHTS]] but I wasn`t [[expecting]] it to be as bad as it was .","I wasn`t [[waiting]] much with HARLEM [[EVENINGS]] but I wasn`t [[await]] it to be as bad as it was .",0.01650714874267578,0.09936606884002686,0,0,0,11,"Failed"
"A [[fascinating]] [[look]] at the [[relationship]] of a [[single]] father in 1998 and a single mother in 1881, tied together by a time-traveling teenager.","A [[intriguing]] [[glance]] at the [[relation]] of a [[sole]] father in 1998 and a single mother in 1881, tied together by a time-traveling teenager.",0.006958484649658203,0.09678590297698975,1,1,1,22,"Failed"
"[[When]] you go at an open air [[cinema]] under the Greek summer night you [[usually]] don't care what the movie is!","[[Whenever]] you go at an open air [[films]] under the Greek summer night you [[generally]] don't care what the movie is!",0.33678680658340454,0.5461142063140869,0,1,0,34,"Successful"
"Playwright John Osborne's ([[Look]] Back in Anger, The Entertainer) dramatisation of Oscar Wilde's only novel [[positively]] revels in the homosexual [[subtext]] of the [[original]], perhaps too much so.","Playwright John Osborne's ([[Gaze]] Back in Anger, The Entertainer) dramatisation of Oscar Wilde's only novel [[favourably]] revels in the homosexual [[connotation]] of the [[upfront]], perhaps too much so.",0.03137326240539551,0.6340670585632324,1,0,1,14,"Successful"
"I couldn't stop laughing, I caught this again on late night TV.","I couldn't stop laughing, I caught this again on late night TV.",0.9202670454978943,0.9202670454978943,1,1,0,1,"Skipped"
"The most [[stupid]] of Seagal's movies I've ever seen.","The most [[imbecile]] of Seagal's movies I've ever seen.",0.00554347038269043,0.909400463104248,0,1,0,9,"Successful"
"[[twenty]] [[years]] [[later]], this movie still [[remains]] as entertaining as when you first watched it.","[[twentieth]] [[olds]] [[afterward]], this movie still [[remained]] as entertaining as when you first watched it.",0.0034397244453430176,0.03807336091995239,1,1,1,7,"Failed"
"i've watched this [[movie]] (movie?","i've watched this [[flick]] (movie?",0.3786064386367798,0.6768758893013,0,1,0,6,"Successful"
"Ignoring Rocky 3, this is easily Hulk Hogan's best film, and it [[still]] rates as one of the worst films ever.","Ignoring Rocky 3, this is easily Hulk Hogan's best film, and it [[however]] rates as one of the worst films ever.",0.08347856998443604,0.7545756101608276,0,1,0,6,"Successful"
"THis movie [[shows]] us once again, how [[genius]] the Japanese directors are and were.This [[movie]] could be seen as a [[sort]] of a ""Silent - Movie Tetsuo"".","THis movie [[demonstrates]] us once again, how [[prodigy]] the Japanese directors are and were.This [[filmmaking]] could be seen as a [[sorts]] of a ""Silent - Movie Tetsuo"".",0.003283202648162842,0.5987005233764648,1,0,1,44,"Successful"
"while watching this piece of crap!","while watching this piece of crap!",0.0356786847114563,0.0356786847114563,0,0,0,2,"Failed"
"i [[really]] [[wanted]] this to be good as i am from Liverpool where it is set but it [[truly]] [[awful]].","i [[truthfully]] [[want]] this to be good as i am from Liverpool where it is set but it [[genuinely]] [[gruesome]].",0.0034439563751220703,0.2028418779373169,0,0,0,23,"Failed"
"Hartley on low-key form: Martin Donovan, born to play [[Jesus]], [[comes]] as Messiah to millenial Manhatten; P.J. Harvey is [[excellent]] as sidekick Magdelena.","Hartley on low-key form: Martin Donovan, born to play [[Goddammit]], [[arises]] as Messiah to millenial Manhatten; P.J. Harvey is [[admirable]] as sidekick Magdelena.",0.10461640357971191,0.6248379945755005,1,0,1,30,"Successful"
"The Book of Life was rather like a [[short]] snack, whetting the appetite for Hartley's next full length movie.","The Book of Life was rather like a [[terse]] snack, whetting the appetite for Hartley's next full length movie.",0.33435237407684326,0.5081337094306946,1,0,1,3,"Successful"
"This is the [[definitive]] movie version of Hamlet.Branagh [[cuts]] [[nothing]], but there are no wasted moments.","This is the [[final]] movie version of Hamlet.Branagh [[cutting]] [[none]], but there are no wasted moments.",0.007330656051635742,0.16652894020080566,1,1,1,16,"Failed"
"[[Brilliant]] kung-fu scenes, [[loads]] of melodrama, [[peculiar]] footwear symbolism and an [[unhappy]] (?) end makes Barefoot Kid an unforgettable film.","[[Glorious]] kung-fu scenes, [[burden]] of melodrama, [[odd]] footwear symbolism and an [[pitiful]] (?) end makes Barefoot Kid an unforgettable film.",0.0028859376907348633,0.037440478801727295,1,1,1,46,"Failed"
"I [[thought]] of this [[movie]] when i watched pluto nash...why.","I [[think]] of this [[film]] when i watched pluto nash...why.",0.19468361139297485,0.29389214515686035,0,0,0,11,"Failed"
"This is a superb game for the N64 with superb graphics and a great one-player story-line and [[even]] [[better]] multi-player game [[best]] [[played]] with 4 people.","This is a superb game for the N64 with superb graphics and a great one-player story-line and [[yet]] [[optimum]] multi-player game [[bestest]] [[done]] with 4 people.",0.0017047524452209473,0.0025795698165893555,1,1,1,16,"Failed"
"[[For]] [[Anthony]] [[Mann]] the [[Western]] was 'legend'- and 'legend' makes the very best cinema!","[[Onto]] [[Antony]] [[Manni]] the [[Westerner]] was 'legend'- and 'legend' makes the very best cinema!",0.002428114414215088,0.004789531230926514,1,1,1,13,"Failed"
"This movie has been [[promoting]] in everywhere in Spain with a [[huge]] publicity campaign, after watching it, you [[realise]] that [[someone]] has stolen your money.","This movie has been [[favouring]] in everywhere in Spain with a [[large]] publicity campaign, after watching it, you [[recognise]] that [[anybody]] has stolen your money.",0.013294875621795654,0.1807428002357483,0,0,0,63,"Failed"
"It's a good movie if you plan to watch lots of landscapes and animals, like an animal documentary.","It's a good movie if you plan to watch lots of landscapes and animals, like an animal documentary.",0.8890579342842102,0.8890579342842102,1,1,0,1,"Skipped"
"I can't believe this movie has an average rating of 7.0!","I can't believe this movie has an average rating of 7.0!",0.526639461517334,0.526639461517334,1,1,0,1,"Skipped"
"A [[movie]] best [[summed]] up by the scene where a [[victim]] [[simulates]] disembowelment by pulling some poor animal's intestines out from under her T-shirt.Too terrible for words.","A [[cinema]] best [[amounted]] up by the scene where a [[victims]] [[imitates]] disembowelment by pulling some poor animal's intestines out from under her T-shirt.Too terrible for words.",0.0032486915588378906,0.005952119827270508,0,0,0,13,"Failed"
"A really terrible movie, really low-budget, with terrible acting, a convoluted and [[inane]] [[plot]], a [[modest]] reworking of the [[vampire]] tales mixed with modern science.","A really terrible movie, really low-budget, with terrible acting, a convoluted and [[inconsequential]] [[intrigue]], a [[humble]] reworking of the [[bloodsucker]] tales mixed with modern science.",0.0022574663162231445,0.00496983528137207,0,0,0,20,"Failed"
"A [[film]] [[destined]] to be on late-night [[TV]] long after the present instant ""money-makers"" have long been forgotten.","A [[kino]] [[intended]] to be on late-night [[TELEVISION]] long after the present instant ""money-makers"" have long been forgotten.",0.008698642253875732,0.5594675540924072,1,0,1,14,"Successful"
"a [[mesmerizing]] [[film]] that [[certainly]] keeps your attention... Ben Daniels is [[fascinating]] (and courageous) to watch.","a [[entrancing]] [[films]] that [[probably]] keeps your attention... Ben Daniels is [[exciting]] (and courageous) to watch.",0.002895057201385498,0.015560567378997803,1,1,1,34,"Failed"
"This [[movie]] includes one of the [[best]] [[characters]] and dialog that Crispin Glover has ever [[played]].","This [[movies]] includes one of the [[bestest]] [[characteristics]] and dialog that Crispin Glover has ever [[done]].",0.00422435998916626,0.006358802318572998,1,1,1,33,"Failed"
"I don't [[usually]] [[like]] [[TV]] [[movies]], I reckon that if the thing was any good it would make it to Hollywood.","I don't [[routinely]] [[fond]] [[TELEVISIONS]] [[films]], I reckon that if the thing was any good it would make it to Hollywood.",0.11689049005508423,0.26952069997787476,0,0,0,21,"Failed"
"[[When]] a dowdy [[wife]] (Shearer) loses her husband, she [[decides]] to [[completely]] make herself over to win him back.","[[Whenever]] a dowdy [[women]] (Shearer) loses her husband, she [[decided]] to [[altogether]] make herself over to win him back.",0.08135849237442017,0.4772357940673828,1,1,1,19,"Failed"
"A delightful if somewhat predictable TV [[movie]], [[though]] I [[admit]] a little bias -- as far as I'm concered, the more [[Gene]] Wilder in this world the better.","A delightful if somewhat predictable TV [[flick]], [[if]] I [[recognise]] a little bias -- as far as I'm concered, the more [[Genes]] Wilder in this world the better.",0.003468930721282959,0.004652559757232666,1,1,1,29,"Failed"
"This [[norwegian]] [[movie]] is so [[crap]], the [[actors]] can not act cause they seems to be reading from a book and the story is so (wannabe) hollywood.","This [[norway]] [[cinematography]] is so [[goddamnit]], the [[protagonists]] can not act cause they seems to be reading from a book and the story is so (wannabe) hollywood.",0.005478024482727051,0.052721381187438965,0,0,0,24,"Failed"
"[[Outrageously]] [[trashy]] karate/[[horror]] thriller with loads of graphically gory violence and gratuitous nudity, and a [[thoroughly]] preposterous and bizarre ""plot"".","[[Shockingly]] [[vulgar]] karate/[[terror]] thriller with loads of graphically gory violence and gratuitous nudity, and a [[meticulously]] preposterous and bizarre ""plot"".",0.009840667247772217,0.153802752494812,0,0,0,19,"Failed"
"Everything I can say, is that it's one of the [[best]] documentary [[movies]] of the [[ocean]] ever [[seen]].","Everything I can say, is that it's one of the [[nicest]] documentary [[kino]] of the [[oceans]] ever [[noticed]].",0.003963649272918701,0.010271966457366943,1,1,1,24,"Failed"
"One of the [[best]] (if not the best) Stephen King's screenings.","One of the [[nicest]] (if not the best) Stephen King's screenings.",0.00309908390045166,0.01142728328704834,1,1,1,5,"Failed"
"I have [[seen]] this play [[many]] times, from Olivier to Branagh, and this [[remains]] the one version that [[always]] stands out in my memory.","I have [[noticed]] this play [[multiple]] times, from Olivier to Branagh, and this [[remained]] the one version that [[incessantly]] stands out in my memory.",0.0025476813316345215,0.006986081600189209,1,1,1,27,"Failed"
"Long on [[action]] and stunt [[work]], but so short on [[character]] delineation and development that it failed to [[hold]] our interest.","Long on [[actions]] and stunt [[cooperate]], but so short on [[characteristics]] delineation and development that it failed to [[held]] our interest.",0.004756033420562744,0.07860767841339111,0,0,0,20,"Failed"
"I [[enjoyed]] the [[movie]] and Kellie Martins performance [[immensely]].","I [[loved]] the [[flick]] and Kellie Martins performance [[unbelievably]].",0.005937397480010986,0.01478111743927002,1,1,1,30,"Failed"
"I just [[cant]] see what [[everyone]] sees in this movie.","I just [[dunno]] see what [[everybody]] sees in this movie.",0.01601773500442505,0.3163462281227112,0,0,0,12,"Failed"
"I have been learning about the Zodiac for four years now.","I have been learning about the Zodiac for four years now.",0.8790134191513062,0.8790134191513062,1,1,0,1,"Skipped"
"Having [[seen]] Rush live, I'm able to appreciate the awesomeness of this.","Having [[watched]] Rush live, I'm able to appreciate the awesomeness of this.",0.005862593650817871,0.006747543811798096,1,1,1,9,"Failed"
"[[Stumbling]] upon this HBO special late one night, I was absolutely taken by this attractive British ""executive transvestite"".","[[Faltering]] upon this HBO special late one night, I was absolutely taken by this attractive British ""executive transvestite"".",0.013414740562438965,0.03229117393493652,1,1,1,2,"Failed"
"Subject [[Matter]]: Cosmology, Quantum [[Physics]] and [[Stephen]] HawkingSoundtrack: Phillip GlassHave I [[died]] and gone to Heaven?You will be enraptured.","Subject [[Question]]: Cosmology, Quantum [[Physicist]] and [[Stefan]] HawkingSoundtrack: Phillip GlassHave I [[perished]] and gone to Heaven?You will be enraptured.",0.1276315450668335,0.6453853845596313,1,0,1,22,"Successful"
"I [[think]] the [[film]] makes a subtile [[reference]] to rouge of Kieslowski, as the whole [[atmosphere]] gives me a feeling of red.","I [[believing]] the [[cinematography]] makes a subtile [[referencing]] to rouge of Kieslowski, as the whole [[ambience]] gives me a feeling of red.",0.009325563907623291,0.17322111129760742,1,1,1,20,"Failed"
"Smallville episode Justice is the best episode of Smallville !","Smallville episode Justice is the best episode of Smallville !",0.005518436431884766,0.005518436431884766,1,1,1,4,"Failed"
"I [[saw]] this [[picture]] in 1940 for $.","I [[watched]] this [[photograph]] in 1940 for $.",0.09290879964828491,0.4124736785888672,1,1,1,15,"Failed"
"Of course, he did have to [[INVENT]] EVERYTHING about cinematography, film directing, etc.","Of course, he did have to [[REINVENT]] EVERYTHING about cinematography, film directing, etc.",0.14234954118728638,0.803257942199707,1,0,1,5,"Successful"
"if you are dating a [[girl]] that is into wicca!","if you are dating a [[female]] that is into wicca!",0.11325794458389282,0.19481676816940308,1,1,1,13,"Failed"
"Laughs, adventure, a good time, a killer soundtrack, oscar-worthy acting, and [[special]] effects/ animitronics like [[none]] other, what [[else]] [[could]] you want in a movie?","Laughs, adventure, a good time, a killer soundtrack, oscar-worthy acting, and [[peculiar]] effects/ animitronics like [[nothing]] other, what [[otherwise]] [[did]] you want in a movie?",0.0017571449279785156,0.004034876823425293,1,1,1,12,"Failed"
"This is a very [[cool]] [[movie]].The ending of the movie is a [[bit]] more defined than the play's ending, but either way it is [[still]] a good movie.","This is a very [[cooling]] [[film]].The ending of the movie is a [[bite]] more defined than the play's ending, but either way it is [[nevertheless]] a good movie.",0.006088733673095703,0.017729461193084717,1,1,1,18,"Failed"
"One of eastwood's [[best]] [[movies]] after he had [[separated]] himself from the westerns.","One of eastwood's [[nicest]] [[movie]] after he had [[segregated]] himself from the westerns.",0.005818426609039307,0.013239264488220215,1,1,1,12,"Failed"
"Without a doubt, one of Tobe Hoppor's [[best]]!Epic storytellng, [[great]] [[special]] [[effects]], and The Spacegirl (vamp me baby!","Without a doubt, one of Tobe Hoppor's [[bestest]]!Epic storytellng, [[prodigious]] [[specific]] [[repercussions]], and The Spacegirl (vamp me baby!",0.0029917359352111816,0.0061855316162109375,1,1,1,36,"Failed"
"this [[took]] me back to my childhood in the 1950 's so [[corny]] but just fab no one ever [[could]] play FLASH GORDON like [[LARRY]] BUSTER CRABBE, just great.","this [[taken]] me back to my childhood in the 1950 's so [[trite]] but just fab no one ever [[would]] play FLASH GORDON like [[LAR]] BUSTER CRABBE, just great.",0.004103422164916992,0.029897630214691162,1,1,1,16,"Failed"
"This is a bad [[movie]] in the [[traditional]] [[sense]], but taken for what it is meant to be it is [[quite]] good.","This is a bad [[flick]] in the [[classical]] [[sensing]], but taken for what it is meant to be it is [[rather]] good.",0.02156311273574829,0.08484381437301636,1,1,1,24,"Failed"
"Me and a couple of friends went to rent some movies one day, we picked one each and one of us picked Ironheart.","Me and a couple of friends went to rent some movies one day, we picked one each and one of us picked Ironheart.",0.8972669839859009,0.8972669839859009,1,1,0,1,"Skipped"
"I [[hope]] this [[group]] of film-makers never re-unites.","I [[hopes]] this [[groupings]] of film-makers never re-unites.",0.1949048638343811,0.3403329849243164,0,0,0,12,"Failed"
"despite the [[occasionally]] stilted acting and ""seen-it-all-before"" story, this is a [[fairly]] [[compelling]] movie.","despite the [[intermittently]] stilted acting and ""seen-it-all-before"" story, this is a [[relatively]] [[convincing]] movie.",0.01912820339202881,0.11691921949386597,1,1,1,27,"Failed"
"This movie is very [[good]] in term of acting and plot.","This movie is very [[alright]] in term of acting and plot.",0.00846165418624878,0.2598034143447876,1,1,1,7,"Failed"
"THis [[movie]] may be the worst [[movie]] I have ever [[seen]].","THis [[movies]] may be the worst [[movies]] I have ever [[noticed]].",0.005876123905181885,0.016290903091430664,0,0,0,17,"Failed"
"This is [[actually]] one of my favorite films, I would [[recommend]] that [[EVERYONE]] watches it.","This is [[indeed]] one of my favorite films, I would [[recommended]] that [[ANYBODY]] watches it.",0.003346860408782959,0.005055725574493408,1,1,1,23,"Failed"
"This [[film]] is an [[excellent]] teaching [[tool]] as a pre-study of ""To Kill a Mockingbird"".","This [[movie]] is an [[awesome]] teaching [[tools]] as a pre-study of ""To Kill a Mockingbird"".",0.31211113929748535,0.5736186504364014,1,0,1,27,"Successful"
"One of the funniest [[movies]] made in [[recent]] years.","One of the funniest [[cinema]] made in [[lately]] years.",0.0064470767974853516,0.009223997592926025,1,1,1,9,"Failed"
"The [[story]] is [[quite]] [[original]], but the movie is kinda slow building up to the point where they steal the cars.","The [[fairytales]] is [[pretty]] [[initial]], but the movie is kinda slow building up to the point where they steal the cars.",0.04567742347717285,0.6731870174407959,1,0,1,13,"Successful"
"I had [[really]] only been exposed to Olivier's [[dramatic]] performances, and those were [[mostly]] much later [[films]] than *Divorce*.","I had [[truthfully]] only been exposed to Olivier's [[prodigious]] performances, and those were [[basically]] much later [[movies]] than *Divorce*.",0.030760586261749268,0.15494096279144287,1,1,1,20,"Failed"
"This should be [[required]] viewing for all young people.","This should be [[obliged]] viewing for all young people.",0.14414262771606445,0.9557949304580688,1,0,1,5,"Successful"
"[[Although]] it's been [[hailed]] as a comedy-drama I [[found]] ""Crooklyn"" to be [[mostly]] depressing.","[[While]] it's been [[commended]] as a comedy-drama I [[discovered]] ""Crooklyn"" to be [[largely]] depressing.",0.01941239833831787,0.438007116317749,0,0,0,35,"Failed"
"Former brat pack actor and all round pretty boy Rob Lowe stars in a film set in a high security American prison .","Former brat pack actor and all round pretty boy Rob Lowe stars in a film set in a high security American prison .",0.8350717425346375,0.8350717425346375,1,1,0,1,"Skipped"
"You may [[like]] Tim Burton's fantasies, but not in a commercial-like show off lasting 8 minutes.It demonstrates good technical points without [[real]] [[creativity]] or some [[established]] narrative pace.","You may [[iike]] Tim Burton's fantasies, but not in a commercial-like show off lasting 8 minutes.It demonstrates good technical points without [[actual]] [[imagination]] or some [[formulated]] narrative pace.",0.01128685474395752,0.7121273875236511,0,1,0,19,"Successful"
"I see it when I was 12 year [[old]] and I dream to see it again !What [[marvelous]] Sammy [[Davis]] Jr [[singing]] ""it ain't necessarily so ""!","I see it when I was 12 year [[former]] and I dream to see it again !What [[wondrous]] Sammy [[Davies]] Jr [[sing]] ""it ain't necessarily so ""!",0.003777146339416504,0.008093118667602539,1,1,1,24,"Failed"
"[[Add]] this [[little]] gem to your list of holiday regulars.","[[Inserting]] this [[tiny]] gem to your list of holiday regulars.",0.0094987154006958,0.04096400737762451,1,1,1,8,"Failed"
"[[bad]] acting , [[combats]] are very [[awful]] , 3-4 second between each text , [[bad]] music , bad effect and always the same plan during the movie.","[[unfavorable]] acting , [[combating]] are very [[dreadful]] , 3-4 second between each text , [[naughty]] music , bad effect and always the same plan during the movie.",0.0019982457160949707,0.03195315599441528,0,0,0,47,"Failed"
"I [[saw]] this [[film]] on television [[years]] ago, but here [[several]] years after, I wake up in the morning, and still remember her face.","I [[sawthe]] this [[cinema]] on television [[yrs]] ago, but here [[many]] years after, I wake up in the morning, and still remember her face.",0.006902873516082764,0.022655904293060303,1,1,1,31,"Failed"
"no [[comment]] - [[stupid]] [[movie]], acting average or worse... screenplay - no sense at all... SKIP IT!","no [[commentaries]] - [[nonsensical]] [[films]], acting average or worse... screenplay - no sense at all... SKIP IT!",0.0012688040733337402,0.0030712485313415527,0,0,0,16,"Failed"
"Hollow Point, though [[clumsy]] in [[places]], manages to be an [[extremely]] endearing and [[amusing]] action movie.","Hollow Point, though [[cumbersome]] in [[locations]], manages to be an [[highly]] endearing and [[funny]] action movie.",0.00529170036315918,0.007104218006134033,1,1,1,24,"Failed"
"this is a below average martial arts films which is worth watching for the comedy value due to the part where a pair of symbols are used as weapons.","this is a below average martial arts films which is worth watching for the comedy value due to the part where a pair of symbols are used as weapons.",0.984411358833313,0.984411358833313,1,1,0,1,"Skipped"
"[[Wonderful]] [[songs]], sprightly animation and [[authentic]] live [[action]] make this a classic adaptation of a classic tale.","[[Delightful]] [[lyrics]], sprightly animation and [[veritable]] live [[activities]] make this a classic adaptation of a classic tale.",0.002403080463409424,0.004090666770935059,1,1,1,28,"Failed"
"Good performances can't [[save]] this [[terrible]] script, larded with [[every]] [[cliche]] in the chick-flick book.","Good performances can't [[saved]] this [[spooky]] script, larded with [[all]] [[cliches]] in the chick-flick book.",0.0020540356636047363,0.02360779047012329,0,0,0,29,"Failed"
"[[For]] a mature [[man]], to [[admit]] that he shed a tear over this [[film]] is a mature response, to a mature film.","[[Onto]] a mature [[bloke]], to [[accept]] that he shed a tear over this [[movie]] is a mature response, to a mature film.",0.002287149429321289,0.057000696659088135,1,1,1,20,"Failed"
"A very interesting [[entertainment]], with the [[charm]] of the old movies.","A very interesting [[recreational]], with the [[charisma]] of the old movies.",0.00215303897857666,0.0044097900390625,1,1,1,7,"Failed"
"an oirish film not made for an irish audience.","an oirish film not made for an irish audience.",0.887618362903595,0.887618362903595,1,1,0,1,"Skipped"
"This is the [[movie]] that I use to judge all other bad movies, and so far there hasn't been anything close.","This is the [[filmmaking]] that I use to judge all other bad movies, and so far there hasn't been anything close.",0.28875118494033813,0.8176085948944092,0,1,0,7,"Successful"
"A dedicated Russian Scientist dreams of going to Mars.","A dedicated Russian Scientist dreams of going to Mars.",0.803519070148468,0.803519070148468,1,1,0,1,"Skipped"
"[[Jimmy]] Stewart was a real [[life]] pilot, WWII flier and a one-star general in the [[Air]] Force and therefore a natural for how [[real]] pilots react when they fly.","[[Jimbo]] Stewart was a real [[lives]] pilot, WWII flier and a one-star general in the [[Aeronautics]] Force and therefore a natural for how [[reales]] pilots react when they fly.",0.050498127937316895,0.17305207252502441,1,1,1,27,"Failed"
"The acting is good, the [[action]] is [[good]], and so is the plot.","The acting is good, the [[measures]] is [[alright]], and so is the plot.",0.0027112960815429688,0.02026224136352539,1,1,1,7,"Failed"
"I can't [[believe]] they got the actors and actresses of that caliber to do this movie.That's all I've got to say - the movie [[speaks]] for itself!","I can't [[believing]] they got the actors and actresses of that caliber to do this movie.That's all I've got to say - the movie [[spoke]] for itself!",0.09675604104995728,0.5966276526451111,0,1,0,11,"Successful"
"This movie has a ""[[big]] production"" feel that I was not expecting from an independent film.","This movie has a ""[[huge]] production"" feel that I was not expecting from an independent film.",0.007878541946411133,0.9457852840423584,1,0,1,15,"Successful"
"Widow hires a [[psychopath]] as a handyman.[[Sloppy]] [[film]] noir thriller which doesn't make much of its [[tension]] promising set-up.","Widow hires a [[psycho]] as a handyman.[[Negligent]] [[filmmaking]] noir thriller which doesn't make much of its [[tensions]] promising set-up.",0.10921132564544678,0.9258336424827576,0,1,0,26,"Successful"
"being a NI [[supporter]], it's hard to objectively [[review]] a [[movie]] glorifying ulster nationalists.","being a NI [[defender]], it's hard to objectively [[revised]] a [[movies]] glorifying ulster nationalists.",0.09594058990478516,0.46715694665908813,0,0,0,26,"Failed"
"It's all there: Two classic anti-hero buddies, a headlong [[chase]] through beautiful swedish [[scenery]], [[guns]], violence, sex, and a Butch Cassidy / sundance [[Kid]] - style finale.","It's all there: Two classic anti-hero buddies, a headlong [[manhunt]] through beautiful swedish [[landscaping]], [[shotguns]], violence, sex, and a Butch Cassidy / sundance [[Infantile]] - style finale.",0.0024091005325317383,0.003346383571624756,1,1,1,31,"Failed"
"Can u [[believe]] a [[college]] professor made this film?","Can u [[reckon]] a [[campuses]] professor made this film?",0.019287109375,0.14446043968200684,0,0,0,9,"Failed"
"Out of the [[many]] [[films]] I've [[seen]], Tommy Boy is a rare film where I can watch it over and over and it's [[still]] funny.","Out of the [[various]] [[movies]] I've [[noticed]], Tommy Boy is a rare film where I can watch it over and over and it's [[however]] funny.",0.0017186403274536133,0.003231644630432129,1,1,1,19,"Failed"
"I can't remember many films where a bumbling idiot of a hero was so funny [[throughout]].","I can't remember many films where a bumbling idiot of a hero was so funny [[across]].",0.04953211545944214,0.5184216499328613,1,0,1,5,"Successful"
"I [[saw]] this [[movie]] five [[times]] and never get tired of it.","I [[watched]] this [[filmmaking]] five [[time]] and never get tired of it.",0.007927238941192627,0.027038753032684326,1,1,1,14,"Failed"
"Although not one of Vonnegut's better known works, it is a definite ""must-see"".[[Interestingly]] [[thought]] out, I [[especially]] like how the director [[filmed]] the couple in love.","Although not one of Vonnegut's better known works, it is a definite ""must-see"".[[Weirdly]] [[brainchild]] out, I [[notably]] like how the director [[shot]] the couple in love.",0.002757430076599121,0.08588188886642456,1,1,1,35,"Failed"
"A poorly-paced sf/[[horror]] venture that takes itself much too seriously, memorable only for (a) the [[beautiful]] Mathilda May wandering around naked through the chaos and (b) terrible miscasting.","A poorly-paced sf/[[terror]] venture that takes itself much too seriously, memorable only for (a) the [[marvellous]] Mathilda May wandering around naked through the chaos and (b) terrible miscasting.",0.2764996290206909,0.6094487309455872,0,1,0,22,"Successful"
"[[Brilliant]] [[execution]] in [[displaying]] once and for all, this time in the [[venue]] of politics, of how ""good intentions do actually pave the road to hell"".Excellent!","[[Resplendent]] [[enforcement]] in [[demonstrating]] once and for all, this time in the [[venues]] of politics, of how ""good intentions do actually pave the road to hell"".Excellent!",0.005806148052215576,0.015311598777770996,1,1,1,49,"Failed"
"A [[couple]] of weeks after I [[saw]] this movie it began to remind me of John Carpenter's In The Mouth Of Madness (not for the story!","A [[matches]] of weeks after I [[noticed]] this movie it began to remind me of John Carpenter's In The Mouth Of Madness (not for the story!",0.3282983899116516,0.6591314077377319,1,0,1,13,"Successful"
"The movie is [[great]] and I like the story.","The movie is [[prodigious]] and I like the story.",0.010080575942993164,0.01278984546661377,1,1,1,26,"Failed"
"This [[film]] is more about how children [[make]] sense of the world [[around]] them, and how they (and we) use myth to make sense of it all.","This [[kino]] is more about how children [[deliver]] sense of the world [[about]] them, and how they (and we) use myth to make sense of it all.",0.008217811584472656,0.010139107704162598,1,1,1,15,"Failed"
"I [[saw]] ""A [[Page]] of Madness"" in a [[silent]] film course at Wesleyan University and it haunts me [[still]] after 25 years.","I [[sawthe]] ""A [[Newsweek]] of Madness"" in a [[tacit]] film course at Wesleyan University and it haunts me [[however]] after 25 years.",0.009354710578918457,0.6380465626716614,1,0,1,17,"Successful"
"This [[film]] is fun, if your a person who likes a good campy feature film every now and then.","This [[kino]] is fun, if your a person who likes a good campy feature film every now and then.",0.25646132230758667,0.5923323631286621,1,0,1,9,"Successful"
"With all the potential for a good movie in its gorgeous settings, cast, and cinematography, this film's lacklustre [[script]], leaden [[pace]], and [[wooden]] performances [[produced]] only a major disappointment.","With all the potential for a good movie in its gorgeous settings, cast, and cinematography, this film's lacklustre [[hyphen]], leaden [[tempo]], and [[lumber]] performances [[generated]] only a major disappointment.",0.011525928974151611,0.07035303115844727,0,0,0,10,"Failed"
"Mercy the movie, actually starts out as a somewhat decent film, and ellen barkin does give a strong performance.","Mercy the movie, actually starts out as a somewhat decent film, and ellen barkin does give a strong performance.",0.5850561857223511,0.5850561857223511,1,1,0,1,"Skipped"
"Not very interesting teen whodunit [[saved]] from being a turkey from some [[decent]] performances.","Not very interesting teen whodunit [[rescuing]] from being a turkey from some [[dignified]] performances.",0.008987665176391602,0.03490382432937622,0,0,0,7,"Failed"
"This should not have been listed as a Colombo because in my opinion it does not resemble any of the other Colombo ever made.","This should not have been listed as a Colombo because in my opinion it does not resemble any of the other Colombo ever made.",0.7884703874588013,0.7884703874588013,1,1,0,1,"Skipped"
"Adrian Pasdar is [[excellent]] is this [[film]].He makes a fascinating [[woman]].","Adrian Pasdar is [[resplendent]] is this [[films]].He makes a fascinating [[female]].",0.003894507884979248,0.007742404937744141,1,1,1,22,"Failed"
"An unfunny, [[unworthy]] [[picture]] which is an undeserving [[end]] to Peter Sellers' [[career]].It is a pity this movie was ever made.","An unfunny, [[undignified]] [[image]] which is an undeserving [[ends]] to Peter Sellers' [[carrera]].It is a pity this movie was ever made.",0.00266343355178833,0.005281329154968262,0,0,0,27,"Failed"
"I love comedies and I love independent films, but this was much too slow and the humor was extremely regional.","I love comedies and I love independent films, but this was much too slow and the humor was extremely regional.",0.7050417065620422,0.7050417065620422,1,1,0,1,"Skipped"
"Smallville episode Justice is the best episode of Smallville !","Smallville episode Justice is the best episode of Smallville !",0.005518436431884766,0.005518436431884766,1,1,1,4,"Failed"
"This [[movie]] is a desperate attempt to ride the skirtales of the success of the Star Wars movies.","This [[cinematic]] is a desperate attempt to ride the skirtales of the success of the Star Wars movies.",0.38742631673812866,0.5565434694290161,0,1,0,9,"Successful"
"A [[quite]] easy to watch [[tale]] of 2 thieves, with that [[love]]/hate [[type]] relationship between them.","A [[abundantly]] easy to watch [[narratives]] of 2 thieves, with that [[amore]]/hate [[kinds]] relationship between them.",0.0024878978729248047,0.005370676517486572,1,1,1,34,"Failed"
"[[Awful]] dreams, wild premonitions, blasphemy and [[homosexual]] fantasies permeate Paul Verhoeven's (arguable) masterpiece of a [[true]] femme fatale who [[loves]] her men then kills them.","[[Abominable]] dreams, wild premonitions, blasphemy and [[gay]] fantasies permeate Paul Verhoeven's (arguable) masterpiece of a [[veritable]] femme fatale who [[iike]] her men then kills them.",0.002642810344696045,0.022643566131591797,1,1,1,23,"Failed"
"I [[saw]] this [[Film]] one midnight and I can [[say]] that it [[worse]] than other horror film about a Haunted House.","I [[witnessed]] this [[Films]] one midnight and I can [[told]] that it [[pire]] than other horror film about a Haunted House.",0.00646662712097168,0.6849137544631958,0,1,0,23,"Successful"
"The [[movie]] is not that [[bad]], Ringo Lam sucks.","The [[films]] is not that [[rotten]], Ringo Lam sucks.",0.08922010660171509,0.24973005056381226,0,0,0,18,"Failed"
